transac_group,total,quantity,profit,rating,invoice_id,profit_margin,per_order_quan
低消費,93192.36,3405,36955.0035,5.759698532328441,2506,0.39654541960306616,1.3587390263367918
中低消費,179172.31,4334,70452.8841,5.725257731958763,2510,0.39321301433240435,1.7266932270916335
中高消費,310776.52,6348,121807.3836,5.772687918142464,2527,0.39194525892754056,2.51206964780372
高消費,631684.19,9495,248891.7645,6.0476190476190474,2426,0.3940129711019046,3.9138499587798847
